property_label,monthly_cash_flow,cap_rate,dscr,cagr_5yr_conservative_pct,cagr_5yr_cash_only_pct
3-Flat,1044.04625,9.2625,1.393,25.29875,14.88875
4-Unit,1340.9042857142856,9.045714285714286,1.3605,24.799285714285713,14.190714285714284
Duplex,421.71999999999997,7.633333333333334,1.2193333333333334,18.666666666666668,8.700000000000001
